{
    "name": "Global Information",
    "numberOfRequests": {
        "total": 193200,
        "ok": 127041,
        "ko": 66159
    },
    "minResponseTime": {
        "total": 4,
        "ok": 4,
        "ko": 5
    },
    "maxResponseTime": {
        "total": 309414,
        "ok": 292204,
        "ko": 309414
    },
    "meanResponseTime": {
        "total": 83165,
        "ok": 62494,
        "ko": 122859
    },
    "standardDeviation": {
        "total": 80239,
        "ok": 73785,
        "ko": 77143
    },
    "percentiles1": {
        "total": 65591,
        "ok": 26340,
        "ko": 114321
    },
    "percentiles2": {
        "total": 150604,
        "ok": 117654,
        "ko": 192981
    },
    "percentiles3": {
        "total": 226745,
        "ok": 209084,
        "ko": 239882
    },
    "percentiles4": {
        "total": 249394,
        "ok": 231301,
        "ko": 263388
    },
    "group1": {
    "name": "t < 800 ms",
    "count": 42097,
    "percentage": 22
},
    "group2": {
    "name": "800 ms < t < 1200 ms",
    "count": 2029,
    "percentage": 1
},
    "group3": {
    "name": "t > 1200 ms",
    "count": 82915,
    "percentage": 43
},
    "group4": {
    "name": "failed",
    "count": 66159,
    "percentage": 34
},
    "meanNumberOfRequestsPerSecond": {
        "total": 271.34831460674155,
        "ok": 178.42837078651687,
        "ko": 92.91994382022472
    }
}