{
    "name": "Global Information",
    "numberOfRequests": {
        "total": 97200,
        "ok": 68630,
        "ko": 28570
    },
    "minResponseTime": {
        "total": 4,
        "ok": 4,
        "ko": 8
    },
    "maxResponseTime": {
        "total": 108310,
        "ok": 106158,
        "ko": 108310
    },
    "meanResponseTime": {
        "total": 23595,
        "ok": 14866,
        "ko": 44565
    },
    "standardDeviation": {
        "total": 27582,
        "ok": 22610,
        "ko": 27154
    },
    "percentiles1": {
        "total": 10003,
        "ok": 1621,
        "ko": 41322
    },
    "percentiles2": {
        "total": 44525,
        "ok": 23945,
        "ko": 68888
    },
    "percentiles3": {
        "total": 75857,
        "ok": 65018,
        "ko": 86196
    },
    "percentiles4": {
        "total": 89746,
        "ok": 77535,
        "ko": 96761
    },
    "group1": {
    "name": "t < 800 ms",
    "count": 29553,
    "percentage": 30
},
    "group2": {
    "name": "800 ms < t < 1200 ms",
    "count": 2328,
    "percentage": 2
},
    "group3": {
    "name": "t > 1200 ms",
    "count": 36749,
    "percentage": 38
},
    "group4": {
    "name": "failed",
    "count": 28570,
    "percentage": 29
},
    "meanNumberOfRequestsPerSecond": {
        "total": 279.3103448275862,
        "ok": 197.21264367816093,
        "ko": 82.09770114942529
    }
}